Id,Genre
1001950633861090924.mp3,4
1004158479654214190.mp3,4
1004388585531761461.mp3,6
1005335741549391231.mp3,5
1008345322390159876.mp3,4
1008831262505469194.mp3,8
1013007746370447718.mp3,8
1017163271652465343.mp3,3
1025829096572745200.mp3,8
1032545901379222286.mp3,2
1035183687364966882.mp3,8
1036105021751715502.mp3,8
1038014982537399269.mp3,1
1046249588828273287.mp3,8
1047470744010717554.mp3,7
1052644010458134103.mp3,3
1055632270966889288.mp3,4
1055974613833017425.mp3,2
1063916347380642217.mp3,8
1064367490868037852.mp3,8
1066929735806586789.mp3,8
1069199035980118700.mp3,5
1079185382917187410.mp3,4
108393954452876982.mp3,8
1084567814335526803.mp3,9
1085216246923243539.mp3,4
1091275752835990539.mp3,4
1092322253413434665.mp3,2
1108981367797014983.mp3,6
1109254460512359357.mp3,8
1128103678033225860.mp3,8
1130595455019899268.mp3,9
113079327770411533.mp3,8
1131507532366288793.mp3,8
1140981200444381145.mp3,6
1144304773814112495.mp3,8
1148555439681138283.mp3,8
1152481058636995581.mp3,5
115411694870764595.mp3,2
1164077173805464406.mp3,8
116514169362146896.mp3,4
118326370172770204.mp3,3
1188697226700543106.mp3,5
1189618649230639372.mp3,8
1195103782203833549.mp3,4
1206629579742264346.mp3,4
1207045872885224536.mp3,4
1220728533713007088.mp3,8
1224330537923962291.mp3,8
1243136637256425247.mp3,2
12537899801305361.mp3,2
1257778326324973765.mp3,8
1258033567126696095.mp3,8
126740857635402463.mp3,2
1273927238671837962.mp3,5
1274658702042779605.mp3,8
1277735967941435733.mp3,5
128549581335909872.mp3,8
1294228539983938175.mp3,3
1294859073744964610.mp3,8
1297364794849470342.mp3,5
129762947607481629.mp3,4
1311312659246103930.mp3,4
1329441099219249075.mp3,8
1332594861826066235.mp3,2
1333900528486783938.mp3,3
1342883378213942758.mp3,3
1344295349304499029.mp3,4
1348217698229377518.mp3,9
1349487077633069649.mp3,6
1359347902866061688.mp3,1
1363264063101173392.mp3,2
1368169317606769632.mp3,8
1370365012068757765.mp3,6
1380091173292568234.mp3,8
1391638741982381714.mp3,2
1395087849925087056.mp3,4
1395270379745883523.mp3,10
1395350356216866203.mp3,8
1403892709243362542.mp3,6
1409753954949584173.mp3,8
141144919399681900.mp3,6
1414629292738240896.mp3,5
1416122005988807387.mp3,9
1429292981037968101.mp3,6
1432481555982582144.mp3,8
1435716616189231186.mp3,5
1441649905875944259.mp3,8
1443764514462634524.mp3,4
1465461607709826895.mp3,6
146628413832378546.mp3,10
1474391259547452890.mp3,6
1477081125016107975.mp3,9
1488478274057645855.mp3,5
1490013011986803720.mp3,7
1491281910901581336.mp3,5
1491716393275060043.mp3,8
1495466433083737316.mp3,6
1502378102395372740.mp3,3
1503855153758508995.mp3,1
1505094888464108823.mp3,8
1507618418067751387.mp3,4
151109968640425645.mp3,4
151555134342273208.mp3,2
1523451003629169013.mp3,4
154122766600946111.mp3,5
1541252240413036709.mp3,4
1542514991887011059.mp3,8
1547176997172433468.mp3,4
1551099584019093739.mp3,4
1553964209215297080.mp3,6
1556051573029957688.mp3,9
1559244977452995560.mp3,5
15660925918537281.mp3,8
1571891028631820046.mp3,5
1574641569565387627.mp3,6
1577283573949544748.mp3,6
1580948230220261181.mp3,5
1582997265690769689.mp3,8
1588713575747366627.mp3,4
1589737969014811320.mp3,4
159108375359343384.mp3,8
1591145815433485949.mp3,2
1592040057440498841.mp3,2
1592330172748950485.mp3,8
1593298373145227631.mp3,1
1597645798425193542.mp3,2
1598211020504487519.mp3,5
1600457097185568111.mp3,4
1601329853455001869.mp3,6
1603628171318318440.mp3,4
1604737315387089169.mp3,6
1605185073060349037.mp3,8
160629573813855977.mp3,3
1607265786382630679.mp3,8
1609950916737277485.mp3,6
1617505522848240785.mp3,8
1621265682647647955.mp3,6
1622093427738602430.mp3,8
1622901836347849018.mp3,4
1624260124481645252.mp3,5
1628137985102515073.mp3,8
1630654787204849656.mp3,8
1630725192628868005.mp3,9
163973970227163539.mp3,5
1647360364066571532.mp3,8
164840870552232500.mp3,8
1654641023162190474.mp3,2
1656513795319449415.mp3,5
1662659734246685388.mp3,2
1668956495383431095.mp3,8
1669297947074729356.mp3,9
1670991510625350760.mp3,6
1673118420723981023.mp3,6
167486664164655887.mp3,8
1674969945068566575.mp3,3
167627694461293919.mp3,10
1685635923626761360.mp3,6
169207798542002183.mp3,5
1696061978794513285.mp3,6
1709355879171208648.mp3,1
1710998348701475723.mp3,8
1712680868893732153.mp3,3
1716980711699027477.mp3,2
1719152841654123618.mp3,8
1721802591259865377.mp3,8
1727666884562767044.mp3,8
1734794559935366417.mp3,7
1736275475031168148.mp3,8
1736439083408437962.mp3,6
1742258936552395848.mp3,4
1743428853790252997.mp3,5
1744253608954265883.mp3,5
1746943548089890388.mp3,8
1752007056109528667.mp3,4
1767145521516163567.mp3,6
1767473678389151141.mp3,2
177623598377243940.mp3,3
1779785012631795921.mp3,8
1787558121302614083.mp3,2
1788667726247720859.mp3,8
1795662939157745836.mp3,4
1809833920129578694.mp3,9
1819897827575171981.mp3,8
182106252726212429.mp3,8
1822852874702656680.mp3,5
1823337417046776858.mp3,8
1828754923021974352.mp3,4
1831615298827745960.mp3,6
1832964335913909373.mp3,6
1836338180191235212.mp3,8
1844148853961426402.mp3,8
1844722876576645179.mp3,6
1844973452090164200.mp3,8
1845165555073597902.mp3,8
1847760056534604391.mp3,2
1849047440237656439.mp3,8
1850591770454057852.mp3,6
1853011021078316380.mp3,4
185443526745576773.mp3,8
1860405971048331849.mp3,6
1867163504069696463.mp3,9
1877809846841097394.mp3,6
1887719455299488097.mp3,2
1890716643128865740.mp3,8
1895117692202256370.mp3,5
1895772726912593830.mp3,8
1896947102077772091.mp3,9
1899547856642811078.mp3,2
1902742460520205.mp3,5
1908089212577206765.mp3,3
1908767081798427870.mp3,8
1908975246986346902.mp3,6
1912634269650331750.mp3,4
1913483670503971518.mp3,8
1915174202768789190.mp3,2
1916109610626791012.mp3,5
1916249032637894424.mp3,8
1921508871791840807.mp3,6
1924924824315656423.mp3,4
1925897670373062187.mp3,8
1932567175271622317.mp3,2
1933011871237396673.mp3,8
1938570425472913157.mp3,4
1938607785248850268.mp3,8
1944679234459555956.mp3,4
1949483401915252029.mp3,7
1949515422089675037.mp3,8
1950031431627049301.mp3,2
1950705276974730308.mp3,6
1958293891795817675.mp3,8
1962145706387149899.mp3,8
1966916971672087871.mp3,8
1981742423085896316.mp3,4
1987933492171926261.mp3,4
1990679680189620361.mp3,8
1998921804848647966.mp3,4
1999770926333704878.mp3,8
2001662297246085956.mp3,8
2003615045458352720.mp3,6
2005924789972404.mp3,6
2006223385379779510.mp3,2
200898383000786131.mp3,3
2009709404785307078.mp3,8
2011089956867163726.mp3,8
2012348230199508182.mp3,4
2013672686436120191.mp3,3
2013679897209631556.mp3,8
2027491351582267118.mp3,2
2028374337418634583.mp3,8
2040118676140633101.mp3,4
2041364519805079498.mp3,8
2042791445921394408.mp3,5
2044671468676248170.mp3,7
2048693740009032284.mp3,8
2051173073636885801.mp3,4
2053255063194510689.mp3,5
2056462763925331702.mp3,8
2066545291606765396.mp3,10
2072079301427853671.mp3,8
2076356865800768550.mp3,5
208105339539370295.mp3,2
2082013152988673414.mp3,6
2082744589196756462.mp3,8
2086165629163948191.mp3,8
2088112504456910934.mp3,4
2098012430167628332.mp3,8
2099774287301814258.mp3,8
2103379333495963045.mp3,5
210346171335041836.mp3,2
2104581200121703264.mp3,8
2108878276522749112.mp3,8
210994432274950121.mp3,6
2113957734771252177.mp3,8
211634206663470239.mp3,8
2132008336601416120.mp3,6
2133355267787279302.mp3,8
2134445124152119753.mp3,9
2151761724424320561.mp3,8
2156219855406319562.mp3,6
2156298651231876417.mp3,4
215643603851387156.mp3,3
2159252137947520810.mp3,5
2159910028978686454.mp3,3
217107257457499365.mp3,8
2174147374075857793.mp3,6
2182016784591703534.mp3,8
2186412027670511784.mp3,4
2188521746657527049.mp3,2
2200506806768688213.mp3,4
2218820619662222637.mp3,2
2235594467475346220.mp3,4
2236004692736440598.mp3,2
2236393034430625838.mp3,5
2239246985470458706.mp3,2
2246713013531971759.mp3,7
2248015812425011219.mp3,4
2249822506147939966.mp3,3
225160989384623786.mp3,8
2264907361583885965.mp3,8
2266511032405370626.mp3,8
2266872887524198855.mp3,6
2266894279523718324.mp3,6
2267837519428163922.mp3,8
2268029422528388563.mp3,5
2269363091935532614.mp3,9
2271308690893532794.mp3,5
2272114747918327010.mp3,4
2279605018790491519.mp3,8
2280084181741808099.mp3,8
2290190771015869660.mp3,6
2291517201718715596.mp3,8
2299387880948124883.mp3,4
230378188394124473.mp3,4
2312895153465012132.mp3,8
2334812015834891885.mp3,6
2343021378355088772.mp3,8
2346353902405196216.mp3,8
2348779729166640454.mp3,5
2352673279678029405.mp3,5
235449091824991901.mp3,8
2354944511989117400.mp3,8
2363634589304760068.mp3,9
2366168611395932722.mp3,5
2371350482387830783.mp3,3
2372426249407461593.mp3,8
2373273288519092491.mp3,8
2377291115239007365.mp3,7
2391089687352344807.mp3,5
2391198167592255782.mp3,4
2392941081703287314.mp3,5
2404696193006403623.mp3,8
2404741431030143926.mp3,8
2410047871714511929.mp3,7
2413157674408506300.mp3,8
2417210461059169528.mp3,4
2419381380811518633.mp3,8
2421996763336424294.mp3,9
2426388520291650130.mp3,2
2437730826390572675.mp3,5
2449088949657561668.mp3,6
2451244702553441104.mp3,8
2458943666670409702.mp3,8
2465183575039203030.mp3,8
2470324149618732983.mp3,2
2481483949466009686.mp3,8
2484059035673890535.mp3,8
2492035282702073963.mp3,6
2493764074719528563.mp3,8
2496921864040272410.mp3,8
2498352857922593359.mp3,6
2503469315214010872.mp3,6
2504052027538070668.mp3,9
2512142248736846682.mp3,8
2513901317378393106.mp3,6
2519266105951969641.mp3,8
2521662913060533061.mp3,3
2528546568823915123.mp3,1
2532893800319342115.mp3,6
2537107871589528117.mp3,8
2544351225387641802.mp3,10
254890104764147481.mp3,4
2549379842144627255.mp3,10
2549597388873164929.mp3,6
2549768090790069615.mp3,2
2553963703311173777.mp3,5
2556505835881694385.mp3,8
2559511516109366638.mp3,6
2560491632231340397.mp3,6
256212232109537739.mp3,6
2565426682781914135.mp3,9
2565440689763412811.mp3,3
2570536378596091203.mp3,4
2575575633119016102.mp3,6
2583767873245018002.mp3,2
2585261119593281071.mp3,4
2603065843709458981.mp3,8
2603507220354423747.mp3,3
2605230358049910235.mp3,5
2606438580545044765.mp3,7
2606686892534600128.mp3,8
2618417904833579933.mp3,8
2624836409193420660.mp3,6
2631580776898548097.mp3,2
2634998640397051732.mp3,7
2635165275926044320.mp3,3
2636990382083548671.mp3,9
2638006068791672548.mp3,6
264439487596774158.mp3,7
2646450861098145129.mp3,3
2646995193798731454.mp3,4
2647308120403394090.mp3,5
2650102988383491470.mp3,7
2653865357968210632.mp3,2
265773467733278290.mp3,8
2668713931817625206.mp3,4
2669878218151965893.mp3,8
267762916011807894.mp3,3
2680300818552925579.mp3,8
2685302308352235049.mp3,8
2691339560541424441.mp3,6
2695013302207784834.mp3,9
2699484868771906260.mp3,6
2709365705437631441.mp3,8
271079537720578862.mp3,9
2712053328309663307.mp3,8
2712674525966949775.mp3,6
2715744785599893432.mp3,5
2720318213483644825.mp3,8
2721195615756357885.mp3,2
2732970140523701341.mp3,4
2738184568797202602.mp3,8
2748044514033229373.mp3,8
2767089169131656602.mp3,8
2769056877457955561.mp3,1
2779003455965872478.mp3,8
2790317752063851540.mp3,6
2792450678634935142.mp3,8
2794781583660778954.mp3,8
2795677853186501582.mp3,6
2797398900419631828.mp3,10
2797908211781138327.mp3,8
2804405147952803704.mp3,6
2811937122955097808.mp3,4
2816171266833280894.mp3,8
2818596022061940346.mp3,8
2818955985029629334.mp3,4
2825204111609071161.mp3,8
2825780888505007982.mp3,2
2832944083891388398.mp3,6
2834761999134105561.mp3,6
2837509871310178057.mp3,8
283845906277026463.mp3,5
2848872192597090280.mp3,3
2858194494027148389.mp3,8
2858270081181916676.mp3,6
2859325784331444756.mp3,5
2864841613572695103.mp3,6
2872165914246259714.mp3,5
2872307157869018837.mp3,4
287328134531174844.mp3,6
2874829063249102810.mp3,1
2879417045657247699.mp3,5
2895954821444576704.mp3,8
2898476572329359909.mp3,4
2899437338952770344.mp3,5
2913823296583683947.mp3,8
2914670631694592288.mp3,8
2919181544918626498.mp3,3
2924520942219804252.mp3,2
2929421698572147865.mp3,8
2936668460257812785.mp3,6
2943928634289243622.mp3,8
2943972850290414418.mp3,2
2944397489974350683.mp3,6
2952126858239827653.mp3,9
2953269618227401812.mp3,5
2956237593615952955.mp3,2
2962244975824177684.mp3,8
2965972099811379386.mp3,8
2966361386002563965.mp3,6
2969728852417785347.mp3,5
2973302492257011223.mp3,3
2979445844393771635.mp3,7
2984837973476962203.mp3,8
298607848776987902.mp3,8
2991238115817741444.mp3,5
3000604162242209443.mp3,8
3004810579083447435.mp3,8
3010082166622023251.mp3,3
3012407656355604324.mp3,6
301241315410216422.mp3,8
3015423639089418677.mp3,9
3018198714646707561.mp3,8
3019016375631602255.mp3,8
3020938444474432231.mp3,5
3022799255501926811.mp3,8
3023553391439280259.mp3,3
3029857435030371631.mp3,3
3031679530469333691.mp3,9
3033955489945841141.mp3,5
3034107141136084755.mp3,8
3034471786058284720.mp3,6
3045130051853284079.mp3,6
3048821483595892791.mp3,2
3062032392551102761.mp3,2
3064995526521223868.mp3,3
3065148820260171786.mp3,6
3066046683313014539.mp3,3
3086309592529064335.mp3,8
3089336562830724471.mp3,8
3092870101289601877.mp3,8
310470124929774092.mp3,8
311182473020617117.mp3,4
3113819447894467737.mp3,2
3121391091746565517.mp3,8
3139130057636910229.mp3,8
314709200936301185.mp3,7
3148670245467573095.mp3,3
3152326162860582127.mp3,4
3156511575424738418.mp3,4
3164878288982225149.mp3,4
3177034125878031088.mp3,8
3183539041179176826.mp3,8
3184328950011794207.mp3,6
3186140927001345790.mp3,8
3198817222902204471.mp3,2
3202625228885707441.mp3,1
320637154982227925.mp3,6
3213998374890141456.mp3,2
3214066049268737610.mp3,8
3217936572654371301.mp3,9
3218799475490488356.mp3,10
3228772800747159572.mp3,2
3229344323437667904.mp3,4
3231330928387432269.mp3,8
32369265062370215.mp3,8
3241192915797548827.mp3,4
3245079679113693452.mp3,8
3249522269657325068.mp3,3
3254267105025049314.mp3,1
3256209269832228565.mp3,2
326295164687608748.mp3,8
3266114441184463226.mp3,3
3266944076481804495.mp3,6
3271853389590565742.mp3,8
3274723806218295825.mp3,6
3282974622559172132.mp3,5
3288751512234844832.mp3,4
3303345382472746409.mp3,8
3308372034471436211.mp3,3
3310640760805453049.mp3,9
3313628353575624563.mp3,6
3323698566177578233.mp3,8
3332164933709475787.mp3,8
3340666986550419717.mp3,5
3340819788448174665.mp3,8
3341122659244046081.mp3,8
3341350632099156610.mp3,8
3347500723402413225.mp3,6
3358461315910790140.mp3,5
3360685676358795167.mp3,3
3365092325968084542.mp3,3
336692681557447177.mp3,8
3383974588761410085.mp3,8
3385777254990034106.mp3,5
3386690326659855874.mp3,9
3391511167504652668.mp3,4
3412589680393207794.mp3,8
3420379052075456484.mp3,10
3421753125083108820.mp3,8
3437986335600700577.mp3,2
3451046706123976200.mp3,8
3455744009609605092.mp3,1
3457134037645250130.mp3,3
3462017783455283397.mp3,8
3468693388406507231.mp3,2
3480220415443705492.mp3,2
3483253559788310423.mp3,5
3487920971189642359.mp3,8
3488521138294897046.mp3,10
349386128593383248.mp3,4
3506461903505141925.mp3,2
3518034075772209948.mp3,4
3525251926737373388.mp3,8
3527354233637925991.mp3,9
3528077432306789699.mp3,5
353007876616365682.mp3,8
3531716174883916914.mp3,4
3542091817737638361.mp3,4
3544119545764606950.mp3,8
3545163866180545229.mp3,8
3549239127415671700.mp3,8
3549558691397408117.mp3,8
3555313245232604858.mp3,4
3556355373878715285.mp3,4
3569870159720404598.mp3,9
3572376391681257031.mp3,3
3575524677169520081.mp3,9
3578684453848864859.mp3,8
3581910757146162903.mp3,5
3586046691730867742.mp3,8
3587488688536718821.mp3,8
3594689248777784770.mp3,5
3597096902497144700.mp3,8
359716807706351611.mp3,8
3598932211650743808.mp3,4
3605059069986676717.mp3,7
3614594260809966873.mp3,4
3617981559550877108.mp3,7
3618002353515807357.mp3,8
3628517768699363598.mp3,8
3628662640898426624.mp3,8
3638815753195983113.mp3,8
3639508633304091954.mp3,8
3640532661802234224.mp3,4
3642058616314563116.mp3,2
3645551150013950444.mp3,6
3646023638004688165.mp3,5
3649860150850469940.mp3,8
3652149283016358596.mp3,8
3660361108761341901.mp3,8
3666265839813760024.mp3,4
3674054135794192116.mp3,8
368516798303643966.mp3,6
3687691293243069540.mp3,4
3689344381015807738.mp3,8
3701787918225327323.mp3,5
3704932677662101959.mp3,8
3712160171371730828.mp3,5
3714313365727109799.mp3,10
3719514683039039186.mp3,8
3722281774302039772.mp3,2
3726928178628857375.mp3,8
3728223171560614659.mp3,5
3731603249823275839.mp3,8
3740847855874073941.mp3,8
3745281622311416229.mp3,9
3753974847636236988.mp3,5
3758500421844908114.mp3,3
3765404663340313327.mp3,8
3766829452538023276.mp3,4
3772869031414562070.mp3,8
377957755435997246.mp3,8
3781815070858832855.mp3,7
3783260270932550965.mp3,8
3784118124757707942.mp3,3
3790669993132616455.mp3,10
3794886714218938980.mp3,8
3800347548287504541.mp3,8
3807844623360137209.mp3,2
380876654380898630.mp3,5
3809313643319156975.mp3,8
381281089432597341.mp3,5
382167847098899489.mp3,5
3826269134596966608.mp3,8
3838163672012132910.mp3,8
3838842899102539562.mp3,8
3840394726324048157.mp3,2
3840525953680386700.mp3,8
3841116990056093542.mp3,6
3853516595423949140.mp3,2
3854088344512992729.mp3,6
3855046881834609622.mp3,3
3855302009138983534.mp3,8
3858944291475664484.mp3,5
3861465300400117331.mp3,5
3862673371852749021.mp3,4
3864087963792264121.mp3,8
3864327733210125083.mp3,8
3864567976272093391.mp3,8
3866794248887463699.mp3,10
3891263054173102178.mp3,8
3900680072483179459.mp3,4
3901123643325936852.mp3,8
3902299804021601291.mp3,8
3920116274010520982.mp3,8
3934366950969952210.mp3,8
3936047257107322776.mp3,4
3936056567724457.mp3,4
3949470985822919883.mp3,5
3959601534344316676.mp3,8
3961533962457190370.mp3,8
3963503203548227057.mp3,4
397060067689082628.mp3,8
397069832671868820.mp3,4
3972734415787662382.mp3,6
3973401631087891038.mp3,4
3975224227231029787.mp3,6
3979582089567084589.mp3,8
3981720498347704422.mp3,8
3982611674717113735.mp3,2
4002767753284724176.mp3,3
4011533351512372435.mp3,3
4014400240848292560.mp3,6
40201358268419314.mp3,2
4021088419246935686.mp3,8
4027499057826284637.mp3,3
403872628642410207.mp3,2
404126812912785632.mp3,6
4041427506829098723.mp3,8
4042693568202289515.mp3,5
4044598150001696026.mp3,2
4049662299300026271.mp3,3
4050152879814299473.mp3,7
4060909610117574874.mp3,6
4061225857762183449.mp3,8
4064903910229537275.mp3,8
4072514438015044636.mp3,6
408176692432708290.mp3,4
4084586652994784815.mp3,8
4090252670159233469.mp3,8
4092412262872399718.mp3,4
409858001277021064.mp3,2
4099940430933187481.mp3,5
410315865956319413.mp3,8
4104688703646379398.mp3,7
4105096505895660007.mp3,4
4112464015869391838.mp3,4
4126357910439001721.mp3,4
413324871948192729.mp3,6
4135171866992353023.mp3,3
4146455340282355179.mp3,6
4147090248318314450.mp3,2
4147463580203387210.mp3,8
4151344175265103595.mp3,2
4160675371632606516.mp3,8
4161833549169894388.mp3,8
4168694079152186689.mp3,8
4169267723126888865.mp3,6
4173160417890959740.mp3,5
4179853159847742355.mp3,5
4180305625678499910.mp3,8
4181967086589522544.mp3,4
4184290533329837448.mp3,8
4184404243366613101.mp3,4
4186117741811538923.mp3,6
4189000955581870511.mp3,8
4190140237902489841.mp3,6
419663257335311289.mp3,8
4210169551527486532.mp3,8
4213206686631400358.mp3,8
4213406100549679067.mp3,8
421647803178925621.mp3,3
4220831393974244518.mp3,8
4225465479808844027.mp3,2
4228696953799307509.mp3,4
4231350069397888772.mp3,8
4232951421634051045.mp3,8
4237560249213314614.mp3,8
4237582594330902027.mp3,4
4238693509410103227.mp3,2
4243774356677004782.mp3,2
4264327197062669841.mp3,4
4285898178703187779.mp3,4
4286116367619686338.mp3,2
4292032068788892740.mp3,3
4294336558067811138.mp3,8
4312720039710145304.mp3,4
4315803001114971010.mp3,2
431589871402811191.mp3,3
4319841114672794550.mp3,8
4332207625611636690.mp3,3
433462352102705839.mp3,6
4336291592778805350.mp3,8
4341202096350938236.mp3,6
4351334276087366745.mp3,8
4353990327772262507.mp3,10
4355246321012446606.mp3,8
4358507697436106340.mp3,3
4362787115297787176.mp3,4
4367147746227528879.mp3,8
4368330521672135663.mp3,8
4369401884240960433.mp3,8
4374651825543957249.mp3,8
4375555632400137035.mp3,8
4383621163125881335.mp3,7
4384847806233768116.mp3,4
4386362017833075272.mp3,8
4392082462008971150.mp3,8
4396317048165542279.mp3,5
4403399091745311164.mp3,8
4403939543765257501.mp3,3
4406120193385034949.mp3,8
4406845262382402093.mp3,8
4409974076083579807.mp3,9
4416109134722267202.mp3,8
4416374612805630707.mp3,6
442774294088258770.mp3,4
4430761837250263760.mp3,8
4433614798904271257.mp3,5
4433761990981058875.mp3,8
4436626812201131682.mp3,4
4436762468309403189.mp3,4
4458033225211019270.mp3,8
4463284956843013927.mp3,5
446547179032631557.mp3,8
4466271587958678324.mp3,6
4473509875192277973.mp3,5
4474935952249827952.mp3,4
4477951796676297410.mp3,5
4488270067325712037.mp3,6
4498585066395378646.mp3,8
4499874595877079301.mp3,4
4505292785619855387.mp3,6
4514181114619571489.mp3,8
4519169561895632898.mp3,5
4530023557566308602.mp3,8
453275454422622239.mp3,6
4534969569180082950.mp3,8
4535253074145860888.mp3,4
4538618343010032770.mp3,8
4538993583279187260.mp3,6
4556846612105827357.mp3,8
4557118207865970813.mp3,2
4558781757512474031.mp3,10
4568698149406618644.mp3,9
4576829265226732993.mp3,8
4580278349496206291.mp3,8
4586163683410755475.mp3,5
459048808537121203.mp3,5
4613600605893135558.mp3,8
4616973271955570994.mp3,6
461764980010134765.mp3,9
4621921760132592947.mp3,8
4624038015570557843.mp3,5
4626732880257213258.mp3,3
4627325271371419171.mp3,9
4634246291921939526.mp3,8
4635257014141716990.mp3,4
4635932421416272199.mp3,10
4646285440555229598.mp3,6
4648120851451928015.mp3,8
4654505030498168254.mp3,8
4655186838734569561.mp3,8
4659098757947400192.mp3,4
4659664046933378583.mp3,8
4662002047670119546.mp3,5
4666682315561958868.mp3,4
4669094364692326836.mp3,8
4670898930188606613.mp3,8
4673086578694411769.mp3,8
4675722150786956986.mp3,4
4681147494262398590.mp3,8
4682009607857943986.mp3,4
4684987847944944494.mp3,8
4688652538926262933.mp3,6
4691298009791170036.mp3,8
4697866049521233765.mp3,10
4704198305332135010.mp3,8
4709936646740197513.mp3,4
4711117876525207181.mp3,8
4713185208772376940.mp3,8
4719514846233186843.mp3,8
4721329911566223368.mp3,8
4723753637637761215.mp3,8
4723814665258489146.mp3,8
4727947902308956587.mp3,8
4730917460661006384.mp3,3
4734380354446623332.mp3,2
4738272816951294279.mp3,2
4740403278137502225.mp3,6
4744646455165440399.mp3,8
4746605517984470889.mp3,4
4746696147667661921.mp3,4
4749813546184724166.mp3,9
4757305766286162117.mp3,5
4767309548425461607.mp3,10
4768710734596309346.mp3,4
4794535394536959055.mp3,8
4799511266695528790.mp3,8
4809849435959624490.mp3,2
4815645534316352499.mp3,4
4819285524723179445.mp3,5
4821176895500021640.mp3,8
4822212759857678906.mp3,5
4822394701216222606.mp3,5
4823094482359995973.mp3,3
4823547123923565289.mp3,8
4830931103927013117.mp3,8
4832510406832684885.mp3,2
4833557815466402486.mp3,8
4836723641957017894.mp3,8
4839689683918287024.mp3,6
4842022537878041359.mp3,8
4842400545145512952.mp3,2
4852416421852168551.mp3,5
4857614746405666597.mp3,5
4860417461223741301.mp3,2
4861666751771350735.mp3,2
4869681873902386203.mp3,4
4877410778426623878.mp3,2
4878565996079999366.mp3,5
4879006263540864875.mp3,8
4886091251230071102.mp3,2
4898436233813604211.mp3,3
4903185789621350819.mp3,8
4907871700439895192.mp3,3
4923261476665576959.mp3,8
492500030506135641.mp3,5
4926973598821220084.mp3,8
4928133335833178202.mp3,3
4930304982070654327.mp3,2
4932535548919621515.mp3,2
4935627424626413090.mp3,5
4935919435526922301.mp3,8
4937054986157184499.mp3,6
494636283423805904.mp3,2
4953005121110072178.mp3,2
4955822734803925228.mp3,2
4956622520541406311.mp3,4
4957121760891444710.mp3,8
4959008971980898239.mp3,8
4964016424425054122.mp3,8
4969096963490179691.mp3,6
4977184040652371306.mp3,8
4990557299116427936.mp3,5
4993716186446853848.mp3,8
5000973908559467293.mp3,8
5004719352807374742.mp3,9
5010182034039327072.mp3,8
5011569393588093420.mp3,6
5014637367563313671.mp3,8
5022683632659081153.mp3,8
5038885997070117444.mp3,8
5041060395873564030.mp3,4
5045368420279061751.mp3,8
5054010318128497239.mp3,8
5054255669323546841.mp3,2
5060575910428595311.mp3,6
5063692844251718686.mp3,5
5070945861381244376.mp3,8
507598399871536587.mp3,4
5081030887305880937.mp3,8
5082585722475676801.mp3,8
5085848488516603530.mp3,8
5091267539996667784.mp3,4
5097110458968413996.mp3,8
5099148366221380522.mp3,4
5103933830855387189.mp3,6
5104761099471435802.mp3,4
5106754704843068863.mp3,2
5112766270799942052.mp3,3
5117987553475660086.mp3,1
5118464320774182133.mp3,3
5118971858324255522.mp3,8
5119752718572297789.mp3,5
511985001376565229.mp3,8
5124359039952304552.mp3,8
5124632561666043931.mp3,8
5128366685314911798.mp3,6
5130790336845053246.mp3,6
5137198924275090924.mp3,4
5154032571995256625.mp3,2
5156840823562705996.mp3,8
5176413219398310332.mp3,2
5178163130332129787.mp3,6
5185031966136771873.mp3,5
5187887318245646911.mp3,9
5190811850508578644.mp3,8
5191134814496053572.mp3,8
5196870384106810616.mp3,4
5199071970686703462.mp3,4
5202138428642998757.mp3,6
5205794278781064322.mp3,2
5211057447192008257.mp3,2
5212770544099040073.mp3,2
5216561620016750308.mp3,6
5218319912046831882.mp3,8
5227776052851229747.mp3,5
5233436414885921489.mp3,9
5234406668738433664.mp3,8
5237386040682818405.mp3,2
5238299682017566740.mp3,8
5239324255225452489.mp3,3
5244939953184479489.mp3,8
5246618716253829584.mp3,8
5248973549523986585.mp3,5
5252049795381160618.mp3,2
5254907421515506005.mp3,5
5255179136286958604.mp3,6
5255197392133521230.mp3,8
5257062459277336655.mp3,8
5271594991785472719.mp3,4
5283541446553305249.mp3,8
5287607127433560698.mp3,8
5288711730997993576.mp3,8
5295823404400122505.mp3,5
5301640577347106770.mp3,2
5302520505277753902.mp3,9
5306788516036786026.mp3,4
5306958519741468837.mp3,5
5313045984618168458.mp3,5
5324036901395821314.mp3,10
5342183474199954249.mp3,2
5347602021262676153.mp3,6
5348020106971026296.mp3,5
5350752121760334438.mp3,2
5359832016345495179.mp3,8
5366823486186798269.mp3,10
536727721652062662.mp3,6
5370620846674509559.mp3,2
5371882898826845420.mp3,6
5382241053902364950.mp3,4
5388138599703853796.mp3,6
5396147139774800723.mp3,9
5396431694897989755.mp3,8
5400294749218906412.mp3,8
5400928680119322699.mp3,8
5401610121948792346.mp3,8
540301465557147606.mp3,6
5407641368124419908.mp3,8
5410523700204921716.mp3,4
5411456488971405739.mp3,8
5411690369217738417.mp3,9
5413717104092389119.mp3,6
5414421515661449199.mp3,8
5420075224492959143.mp3,8
542264682876150585.mp3,8
542649466624563024.mp3,8
5435755925148257780.mp3,6
5436572743271245274.mp3,8
5438192666091460403.mp3,2
5444612870403237128.mp3,5
5449260908088476595.mp3,6
545046700027659420.mp3,8
5453794382707136105.mp3,4
5462060677981324754.mp3,6
5466046032627026515.mp3,2
5471291966807481632.mp3,8
54733059774412073.mp3,4
5476482842388083359.mp3,6
5480206170330776630.mp3,9
548430442520877641.mp3,9
5490881535695278827.mp3,8
5499704520122415493.mp3,8
5504989611603195604.mp3,3
5505061795855634803.mp3,8
5514983266072221482.mp3,6
5539661875676804787.mp3,8
5541388007033835555.mp3,8
554386115532439434.mp3,8
5548570519083414423.mp3,3
5549386474157504747.mp3,5
555052736995057793.mp3,8
5555414553872025262.mp3,8
5557395900186346975.mp3,1
5566000736789694573.mp3,8
5566769690150616197.mp3,2
5570238627555892968.mp3,8
5572975206832124443.mp3,8
5574008518392119949.mp3,2
5592634731019658784.mp3,3
5608238626998517014.mp3,10
5613333167271367757.mp3,5
561651469114908779.mp3,3
5619752330375178340.mp3,6
5621594412084401102.mp3,3
5629026571995269512.mp3,8
563488293855851847.mp3,6
5639799227578074465.mp3,4
564664753618783100.mp3,3
5649502010757574761.mp3,8
565101361835544585.mp3,1
565465616169034746.mp3,4
5655549771173556275.mp3,3
5658558588470241852.mp3,8
5659153953158943202.mp3,3
566372091764796628.mp3,8
5678842775869984196.mp3,4
5684811795817176476.mp3,8
5686103525637480029.mp3,8
5696416710427281291.mp3,2
5698559350067116622.mp3,5
5699834204934803032.mp3,8
5705403528581567738.mp3,6
5709080538440760586.mp3,6
5709432758636346643.mp3,5
5712856636657072740.mp3,6
5713828543402186775.mp3,8
5714298647625346942.mp3,6
5717310914243841356.mp3,4
5720045147468925897.mp3,8
5722972563409227989.mp3,8
572830580749428834.mp3,8
573573603761364457.mp3,7
5742326698770173066.mp3,3
5743639945843209231.mp3,8
5748570753126199259.mp3,8
5758014765076201576.mp3,8
576076375954134995.mp3,9
5761355019053323088.mp3,5
576444470429285941.mp3,8
5764707449487594617.mp3,2
5766631999241888086.mp3,5
5772189877906564159.mp3,1
577469846084434881.mp3,5
5785303192994584006.mp3,6
5787507252533304816.mp3,10
579870552616204263.mp3,3
5802044116489754176.mp3,5
5802992209511551697.mp3,8
580581080770080945.mp3,7
5807454909456196691.mp3,8
5807684540687658535.mp3,8
5813541745576797009.mp3,8
5825980077928601428.mp3,7
5831098255633871806.mp3,4
585273186396869968.mp3,5
5855252709262651355.mp3,4
5865770443035500066.mp3,8
5867432704048925235.mp3,4
5870449296234784708.mp3,8
5873643777913347182.mp3,8
5876633409313669399.mp3,8
5879804413039998020.mp3,8
5880230734262479157.mp3,3
5883235393623306302.mp3,8
5884856576641498868.mp3,8
5888348903887565355.mp3,9
5891053012951538530.mp3,5
5893987485645507272.mp3,3
5894675326786464775.mp3,5
5896867852089486575.mp3,6
5907104929946584705.mp3,3
590763270097003058.mp3,2
5924712934335791352.mp3,5
5925795264234622143.mp3,4
5930333308694047230.mp3,2
5931804608128721699.mp3,9
5932241451429741826.mp3,8
5932782849681227492.mp3,3
593333530229749633.mp3,2
5933382301238426610.mp3,3
5933790948890142056.mp3,5
5936701552818058387.mp3,2
5937438444473434624.mp3,8
5945846748077237939.mp3,4
5947628777677589424.mp3,6
5961510814270254225.mp3,2
5965608199456033856.mp3,6
5966127129707434416.mp3,8
5976113522945466532.mp3,5
5979059390673433730.mp3,4
5982261366727067177.mp3,5
5985352483996917258.mp3,8
5989422257110425249.mp3,8
5990103994102574988.mp3,5
5993936463005742110.mp3,6
6006830986680833128.mp3,8
6009122871847719015.mp3,1
6014273013273417537.mp3,8
6026845470987795369.mp3,8
6032880764517236657.mp3,3
6041007523399298840.mp3,4
6046929206764091179.mp3,9
6049322375181254497.mp3,10
6053357774864015217.mp3,8
6059707757776693649.mp3,2
6062935823232349334.mp3,2
6063814397006899960.mp3,9
606432364340181154.mp3,8
6064738229284406129.mp3,5
6068989713627058450.mp3,2
6071223490638638933.mp3,2
6074336987648894388.mp3,8
6075038026469429980.mp3,2
6075229992696950589.mp3,5
6077304659447947415.mp3,8
6080887070420968606.mp3,8
6087359629201209852.mp3,8
6090314616634698550.mp3,8
609306018262296728.mp3,8
611840068828614529.mp3,8
612052662159301747.mp3,3
6121984403931935793.mp3,4
6125234444159542092.mp3,9
6125314142110960145.mp3,6
6126026110589642353.mp3,8
6129587389062907338.mp3,8
6135262327744979355.mp3,6
6135807629846407936.mp3,5
6144118880517685021.mp3,8
6147755836119270484.mp3,8
6149529955048164237.mp3,3
6150539572126029713.mp3,8
615236957313394188.mp3,4
6157566972833627121.mp3,3
6163429413304852654.mp3,8
6180207077378347768.mp3,8
6189255865795933082.mp3,8
6195847652158089000.mp3,3
6204626682719085943.mp3,8
6227584161826438991.mp3,2
6228272546782920592.mp3,9
6231496717773876220.mp3,8
6232600369948871988.mp3,3
6232841252281466454.mp3,8
6233929628727804252.mp3,4
6234156564567203305.mp3,8
6239956064042440264.mp3,8
6241405406348950174.mp3,8
6244506567430027821.mp3,6
6246717113201190904.mp3,8
6247243833639567164.mp3,8
624729018393209026.mp3,8
6257093235666597732.mp3,8
6259224160990690443.mp3,6
6259760974444234098.mp3,5
626096326753152060.mp3,3
6269348284863219432.mp3,2
6274664093116618409.mp3,6
6277056267064422380.mp3,4
6281093563705267830.mp3,8
6284995394233926841.mp3,7
6292870577743961821.mp3,8
630854270893764931.mp3,6
6314070630351839132.mp3,8
631459801617486096.mp3,4
6317782824885696107.mp3,2
6325584011493253528.mp3,2
63259259108759732.mp3,6
6326704718014994706.mp3,8
6328509182255774624.mp3,2
6329780123478611265.mp3,6
6332077948496986285.mp3,10
6336597064826256965.mp3,3
6338153583489692396.mp3,3
6349216132334586024.mp3,4
6349726467038858101.mp3,8
6356140197992861106.mp3,5
6356241877383774971.mp3,8
6358163521505601382.mp3,3
6361728237127220004.mp3,8
6365095530010332039.mp3,8
6366327789356060598.mp3,8
6366378706864687500.mp3,8
6373530636290994065.mp3,4
6378951639498954058.mp3,6
6390054211916450160.mp3,3
6390847771532648880.mp3,5
6393577064269456400.mp3,8
6399645359819451734.mp3,2
6400616084019988724.mp3,8
6405972937081978042.mp3,2
6412324821957093528.mp3,3
6416862097651146140.mp3,9
6419148465783824224.mp3,9
6427302111588400872.mp3,8
6436380835703205200.mp3,4
6438625252987364214.mp3,8
6438698660055405861.mp3,8
6441623547222615279.mp3,3
6443190215038472677.mp3,8
6445370153570973304.mp3,4
644682300754643985.mp3,8
6447090302411799705.mp3,6
6447446130540385858.mp3,5
6454795452951640539.mp3,8
6456676257737317618.mp3,8
645922120211059547.mp3,8
6459345867596194834.mp3,6
6473516005602808570.mp3,9
6474818805214882426.mp3,1
6476757549454848283.mp3,3
6476805081318121590.mp3,8
6480694010304342657.mp3,8
6485064926398422316.mp3,5
6489570682367463539.mp3,4
6498073603269568121.mp3,4
6502127996829365911.mp3,7
6502924452153171653.mp3,3
6503450146479589617.mp3,1
6506046291785257299.mp3,6
6514421303194312149.mp3,8
6519816128553965311.mp3,5
6521264950121883670.mp3,4
6521637778262447962.mp3,5
652337701234118990.mp3,8
6524610601635429633.mp3,8
6530370000075361266.mp3,8
6538528657254158007.mp3,6
6540829264198693700.mp3,5
6540923722982605546.mp3,8
6547159197579275941.mp3,5
6547827370078804985.mp3,8
6553969101522016666.mp3,8
6555086578009507475.mp3,8
6568481729118809077.mp3,5
6573468430748365996.mp3,8
6575598221764838592.mp3,3
6581041768903254267.mp3,3
6601533813995416043.mp3,5
660308040384987524.mp3,2
6604665949083596888.mp3,8
6606140072896627951.mp3,5
6617597641897224832.mp3,4
66178758307127890.mp3,3
661915232064819162.mp3,8
6620221243209471619.mp3,8
6623515252051752899.mp3,5
6633412884471112529.mp3,5
6642004736382607992.mp3,8
6647945479780030665.mp3,5
6650193873238713103.mp3,6
6654854749872002421.mp3,2
6662295528618204978.mp3,5
6662610726578812175.mp3,6
6664375014649823744.mp3,8
6666291188598768725.mp3,8
6666598456594822510.mp3,4
6668568712605485670.mp3,8
6669282365532614654.mp3,10
6670793894983193640.mp3,4
6672820071293308293.mp3,6
6678373046225094871.mp3,5
6679722019568610906.mp3,5
6680733100707905576.mp3,8
6684892255091887689.mp3,6
6687245393878837613.mp3,7
6688630155780391205.mp3,4
6689746216199126494.mp3,8
6697976994586049636.mp3,4
6699067902319014024.mp3,4
6706475934236591576.mp3,8
6713744616896934052.mp3,5
6714608100578952564.mp3,8
6721941740937346661.mp3,1
6722838546924075.mp3,4
6725565497368097949.mp3,2
6728259900368796718.mp3,5
6739272334476700607.mp3,5
6743544473281708984.mp3,4
6749680058001088490.mp3,6
6752037155556012612.mp3,8
6756202329596029031.mp3,8
6763153903524639106.mp3,6
6778420790858248198.mp3,2
6780472496356985462.mp3,6
6784662016293248828.mp3,6
678542706671411435.mp3,4
6794762257979159460.mp3,8
680979767273781569.mp3,5
6810545543660573852.mp3,8
6811257290630555872.mp3,5
6811287647027444242.mp3,3
6824928616675438692.mp3,5
6828660152116046626.mp3,3
6830044155733603255.mp3,8
6830964892523268128.mp3,4
6834734246004705192.mp3,9
6835897674764955351.mp3,8
6837673888483939237.mp3,4
683801375873058958.mp3,2
6859964356281928569.mp3,8
6861435105929944577.mp3,4
6863787243425121686.mp3,8
6867643183326155641.mp3,5
6868917591868556165.mp3,5
6870666009959694397.mp3,5
6874410715367401180.mp3,8
6877690305761781471.mp3,4
6881727543868402025.mp3,4
6892145011985467720.mp3,5
6892674691148138503.mp3,2
6896425819259667838.mp3,5
6908349077152287731.mp3,8
6916191497731925587.mp3,5
6919107203698577253.mp3,3
6920767826555777097.mp3,8
6924062220148586728.mp3,8
6939400312110951546.mp3,8
6949373093261628570.mp3,5
6951241882286810166.mp3,3
6955272619523323811.mp3,10
6963584116587845258.mp3,9
6969262649372055855.mp3,8
6971216029639720363.mp3,10
6972932600779407679.mp3,8
6973108052481259217.mp3,8
6973721261163941900.mp3,8
6975643344304272511.mp3,7
6976530721340661605.mp3,4
6980833928698497408.mp3,8
698961267678706714.mp3,4
6990404663918371209.mp3,8
6991901697844712514.mp3,5
7001935024280993839.mp3,4
7006482923551768270.mp3,6
701737596472910399.mp3,4
7017864541142889252.mp3,6
7018416002537157726.mp3,5
7023962506164898916.mp3,8
7027594599996699974.mp3,8
703317684183167576.mp3,5
70356451554614767.mp3,8
7038294286686643864.mp3,5
7040366285248465701.mp3,8
7059466812808385782.mp3,5
7071540487603420319.mp3,5
7075192732843276200.mp3,6
7079555805472487467.mp3,7
708013542423760708.mp3,4
7083125107675297953.mp3,8
7084332155771405052.mp3,8
7086286112758799574.mp3,3
7088018567791804837.mp3,4
7089571906700195638.mp3,5
7095267121073369104.mp3,5
7099660962927189284.mp3,2
7117199652645986552.mp3,5
7119534673409549742.mp3,8
7120285872241143665.mp3,8
7123757270566869069.mp3,8
7125787493807250205.mp3,6
7129006382793082697.mp3,2
7131275902051626589.mp3,6
7132080810857049960.mp3,6
7136383488326994374.mp3,8
7136816579509075742.mp3,8
7139142102157834918.mp3,8
7145113999185075875.mp3,6
7147272919260189338.mp3,5
7149949082687758548.mp3,8
7156683298959226493.mp3,4
7169640877035144560.mp3,1
7185858022429853956.mp3,3
7191382039525292801.mp3,2
7203270544390763987.mp3,9
7205519617811025960.mp3,4
7214743407953678357.mp3,8
7233625300976151310.mp3,8
725197496730092986.mp3,8
7254127277025276211.mp3,8
7259971819959721262.mp3,5
7273897296334568179.mp3,5
7278748866601451694.mp3,4
7285788237396644627.mp3,2
7287161903768740543.mp3,2
7289694149590903327.mp3,8
7292403023632881510.mp3,8
7293087329820675809.mp3,7
730998463800570517.mp3,2
7316435019702115404.mp3,8
7330745429007861857.mp3,8
7336537584449933586.mp3,4
7342077249120004021.mp3,3
7355157734565363119.mp3,6
73640233328136949.mp3,5
7367424041052511702.mp3,4
7368239314617114727.mp3,4
7371219609676077040.mp3,7
7373608601616485671.mp3,8
7375204848272714379.mp3,4
737564013230742631.mp3,8
7379583623937314330.mp3,3
7399006938590648775.mp3,2
7400099038447438461.mp3,4
7403565726621665870.mp3,6
7406039238552980291.mp3,8
7408404268355695716.mp3,5
7411042106706385162.mp3,8
7414702645302726463.mp3,8
7420102333466661879.mp3,8
7420490709204755901.mp3,6
7421111576428305361.mp3,8
742541078615521527.mp3,5
7425869219916702130.mp3,4
7432832309802343502.mp3,7
7438660463408084308.mp3,3
7446180963608093125.mp3,3
7447372385238818682.mp3,2
7449162961982342086.mp3,10
7449548406706082467.mp3,4
7457621418390255902.mp3,4
7457625007667289175.mp3,3
7458799124516237762.mp3,5
7461570326096584572.mp3,6
7471823639901965898.mp3,4
7474918290813923501.mp3,5
7488470576985859047.mp3,7
7489216946984484553.mp3,8
7489726826338907812.mp3,3
750041127298770056.mp3,2
7502770368902461465.mp3,3
7502776586143800508.mp3,3
7502969372058305756.mp3,6
7503139763793426312.mp3,8
750540052119859091.mp3,8
7507256212196156093.mp3,8
7513008539982519296.mp3,8
7518527505736219875.mp3,8
7519657930914497680.mp3,8
7523906690686221000.mp3,3
7525261097533843775.mp3,8
7530623904268227887.mp3,6
7532019498580696305.mp3,8
7535559981670400549.mp3,5
7535742103699946845.mp3,2
7538374718295623153.mp3,8
7539228831543370308.mp3,8
7540743493828353284.mp3,5
7544673908356527031.mp3,4
7547491655275883239.mp3,5
7548098125347400300.mp3,4
7550937768609930430.mp3,9
7556488947720859338.mp3,8
7566175706394405619.mp3,6
7569684549284636877.mp3,10
7571446309379110231.mp3,1
7574108413684944599.mp3,8
7574859105631801475.mp3,8
7576295857606077700.mp3,8
7578312887182196892.mp3,6
758111913677722309.mp3,9
7583382490846461376.mp3,3
7584592328722901249.mp3,2
7589295801498086166.mp3,6
7596951945323680444.mp3,9
7599267547260570208.mp3,2
7599403773052437089.mp3,8
7601899514691803794.mp3,8
7605648481068483764.mp3,8
7605796308880731059.mp3,4
7611958614880794526.mp3,2
7612478092441007690.mp3,9
7614361397778597217.mp3,1
7615871869470957001.mp3,3
761944709706048052.mp3,8
7622581132608902431.mp3,4
762508774537468817.mp3,8
762699204105884628.mp3,6
7630390424635528976.mp3,6
7639499168612058346.mp3,4
7639727123939869790.mp3,8
7643973137549107506.mp3,8
7644210010656044522.mp3,8
7646622932126658463.mp3,8
7665275417578808349.mp3,8
7672837295995978684.mp3,8
7675167496567126336.mp3,5
7681758406539322600.mp3,8
7697927679502888895.mp3,8
7703001560999010274.mp3,8
7706827593482301740.mp3,6
7717130855937933012.mp3,8
7718313829580225224.mp3,6
7722991845021928406.mp3,8
7735077360380448642.mp3,8
7736265034231110083.mp3,6
7737999645710298276.mp3,6
7744111834578478667.mp3,8
7745626793454515185.mp3,2
7749983076606752581.mp3,4
7754894231588370074.mp3,9
7762426654452099179.mp3,9
7767357097766466213.mp3,2
7773011794807239390.mp3,6
7775549382214821167.mp3,8
7777007072657045370.mp3,8
7782334118115260525.mp3,8
7784703216939880661.mp3,3
7784973233734420635.mp3,2
7800688950850797656.mp3,4
7812949946718090725.mp3,8
7815805645672153424.mp3,8
7816566390756397962.mp3,8
7820389313112905011.mp3,4
7821422097738142469.mp3,4
7833580052466697788.mp3,8
78351971380907534.mp3,4
7837605267588654916.mp3,5
7838246249805050999.mp3,5
7843182065379314158.mp3,6
7879650918895344169.mp3,2
788971276854154957.mp3,6
7902651851410053429.mp3,6
7903905204150719001.mp3,8
7919996627787375452.mp3,4
7940604292777598881.mp3,8
794251442022346523.mp3,4
7947129442164727664.mp3,10
7951976287514388461.mp3,8
7956549581827670175.mp3,8
7961080355821973013.mp3,4
7961136513630617548.mp3,5
7970949236138163080.mp3,9
7971156806273742916.mp3,8
7975874186881151042.mp3,8
7984133674142808436.mp3,9
7996086372720324931.mp3,5
7998983302463963080.mp3,8
8009097389082602949.mp3,8
8013372375206730004.mp3,6
8016589211524123006.mp3,8
8018356255879764451.mp3,6
8022161920808500356.mp3,6
8022211877424698800.mp3,2
8023387474289906911.mp3,9
8025563593953700617.mp3,6
8026953677204849132.mp3,3
8032748475684936010.mp3,6
8034628517424517691.mp3,4
803956352416730418.mp3,6
8040020980596638082.mp3,5
8049018624832195637.mp3,5
8051950832430501463.mp3,8
8064714698895009363.mp3,8
8067760625668662043.mp3,8
8068743743782271248.mp3,6
8072980633640337454.mp3,5
8076179360274269792.mp3,2
8081261082251285012.mp3,9
8084486396885700869.mp3,2
8085853969639413176.mp3,2
8086640037101265603.mp3,8
8088325358766436821.mp3,10
8088451507064015850.mp3,8
8091004831220273193.mp3,7
80990233119983596.mp3,5
8099903074541979622.mp3,6
8101003180030048356.mp3,8
8106826246421321678.mp3,2
8107316185766864478.mp3,8
8110485108400133162.mp3,3
8116703185040995129.mp3,8
8129550544325144854.mp3,5
8131042897435385878.mp3,6
8131533120586374554.mp3,8
8131676132081998164.mp3,5
8134029729891025943.mp3,7
8144449660191270836.mp3,2
8153903669637839593.mp3,4
8161927541965634593.mp3,6
8170474851075220582.mp3,8
8175057902401106109.mp3,5
817774237114388336.mp3,5
818555408356329359.mp3,4
8187092696984807250.mp3,8
8190530776166891955.mp3,4
8190763286562033952.mp3,5
8196016109636630912.mp3,4
820301913600329269.mp3,5
8204146793490936875.mp3,4
8204252640214661422.mp3,4
8205822711979594780.mp3,8
8214476034771070721.mp3,8
8217858053906151962.mp3,8
8233275315133954677.mp3,4
8238018291602449695.mp3,8
8242649276007006334.mp3,6
8242700966849776305.mp3,8
8246047917079514742.mp3,3
8247651971504930059.mp3,6
825049328132928469.mp3,8
8264556906432037799.mp3,4
8264591593138752146.mp3,4
8266394944165743037.mp3,8
8270034994270490091.mp3,2
8272651927089570850.mp3,4
8284632347427308545.mp3,4
8287696025199448268.mp3,2
8297211228672257697.mp3,2
8298138054995656972.mp3,3
8299941442600989597.mp3,8
8301526154921377310.mp3,8
8308527907934281209.mp3,4
8309642463602201931.mp3,4
8318395782952459765.mp3,8
8330975953078464472.mp3,8
8331627104122973493.mp3,1
8332775763296722025.mp3,5
8335098206579665798.mp3,8
8336366985196043572.mp3,8
8337064673069946331.mp3,4
8346509314426780936.mp3,8
8346886780161859054.mp3,7
834787781378307682.mp3,8
8350311038468626824.mp3,3
8363002608555484277.mp3,6
8369569852594938514.mp3,8
8370396809033816939.mp3,8
8370744845614216432.mp3,7
837572753150394595.mp3,6
8377504840979462691.mp3,3
8382317164846911328.mp3,8
8382912909070331695.mp3,2
8383379898695971200.mp3,8
8385104190575699643.mp3,8
8393805019914693145.mp3,1
8407197546180310681.mp3,9
8408056444033951366.mp3,5
8421113218120231226.mp3,8
8433736962910186959.mp3,9
8436031212021047286.mp3,3
8436337369104093499.mp3,5
8441014077856806849.mp3,3
8447807437844848887.mp3,8
8458937887835524668.mp3,3
8465060448569922066.mp3,6
8468992655553708095.mp3,6
8470247886718625540.mp3,8
8471953255100775550.mp3,5
8476013070939200197.mp3,6
8486338333337148718.mp3,6
8489554345758065337.mp3,3
8489740726645467607.mp3,4
8491055245648922222.mp3,1
8493553845445031593.mp3,2
849846118743273442.mp3,8
8499289283530012531.mp3,2
8500890953475034816.mp3,4
8502357488043128214.mp3,4
851316338603526361.mp3,8
8520875034988281508.mp3,6
8521498820652759118.mp3,10
8528355006538131714.mp3,8
8530593466200279908.mp3,4
8532985812029620447.mp3,2
8539569175709910765.mp3,4
8541819227501052494.mp3,3
8542452986438719548.mp3,6
8546530026872919621.mp3,8
8552008644526467497.mp3,9
8552819773057276081.mp3,4
8561454699608860199.mp3,4
8562804011217062492.mp3,5
8562982184611722044.mp3,6
8564524460112712547.mp3,3
8567564597247691739.mp3,1
8569651400377218278.mp3,8
8569726674610342580.mp3,4
8587384980358236620.mp3,2
8591934329199426237.mp3,3
8598546097445581158.mp3,6
8601455666603458071.mp3,3
8601946570684301344.mp3,8
8603252040427253650.mp3,9
8603670649400133171.mp3,6
8605076440956022737.mp3,8
8612124840555509410.mp3,8
8615188578850241019.mp3,9
8615295620850932338.mp3,5
8624231473418934677.mp3,3
8625939532440221720.mp3,4
8626607954679495088.mp3,3
8642774945152359415.mp3,8
8644366297775620115.mp3,2
8646273166399940279.mp3,3
8653535238359545741.mp3,6
8669704160114839556.mp3,8
8670622838924652345.mp3,8
8672269025272775527.mp3,7
8678683907881926406.mp3,8
8681781173307998170.mp3,8
8697070013569605994.mp3,5
8708320066539433063.mp3,6
8727758085432603591.mp3,6
8729834535734676098.mp3,8
8731693982911770674.mp3,6
8732173682396422945.mp3,9
8735762275964250350.mp3,3
8744930170563504623.mp3,6
8745295966520621913.mp3,5
8750725470423571149.mp3,3
8752941900509808656.mp3,2
8753500588601007334.mp3,5
8755185726092452618.mp3,3
8777371987636253971.mp3,3
8777738378911849426.mp3,8
8778508964630937720.mp3,4
8782714824615863481.mp3,8
878615623690417623.mp3,5
8788092094395765667.mp3,5
879082477387137987.mp3,8
880042058284743234.mp3,8
880178014774614447.mp3,8
8807102033777454169.mp3,4
8822898934601562283.mp3,10
8829136286024930498.mp3,4
8835480603281506861.mp3,9
8836893861132798148.mp3,5
8838388616620967001.mp3,3
885326479778174296.mp3,5
8859813294426586331.mp3,9
8860531961794738243.mp3,6
8861545305883105093.mp3,8
8870114910628134562.mp3,8
8874011968789100329.mp3,8
8875773437942174633.mp3,4
8882502329380577087.mp3,8
8883614423535905294.mp3,2
8898474662686480414.mp3,8
8901244180499123845.mp3,10
8915890269439689012.mp3,6
8922328802207646510.mp3,2
8924085621376151838.mp3,8
8926841210031355285.mp3,8
8930409134082201461.mp3,5
8932145082264104838.mp3,5
8933776878991917496.mp3,10
8939014967125576946.mp3,4
8939769558511753268.mp3,2
8942346690643285827.mp3,5
8948358476946517453.mp3,8
8962199663170572749.mp3,8
8963515021072927306.mp3,6
896400450362535154.mp3,8
8968142724035268154.mp3,8
896830467518068876.mp3,6
896844108524693582.mp3,4
8969470584783413042.mp3,8
8969728961275438502.mp3,5
897822215923188209.mp3,4
8978484209719197386.mp3,8
8986165700156903621.mp3,2
8987223129914697526.mp3,2
8988141182361933919.mp3,8
8990993109139741951.mp3,5
8994181709961276493.mp3,4
9000186187079099395.mp3,2
9009795810646022944.mp3,8
9013845387145783911.mp3,5
902196221706851294.mp3,8
9023219853484972771.mp3,4
9032792446952988717.mp3,8
9036455161417022816.mp3,5
9036937428704591566.mp3,4
9043262327306846686.mp3,2
9046796916806072615.mp3,8
9047962791912513717.mp3,6
9053831859375330302.mp3,4
9058284319554980829.mp3,8
9062444803089842038.mp3,8
9066211928259228299.mp3,4
9066891709975235996.mp3,2
9083030005865956918.mp3,4
9091348723157116965.mp3,8
9091710924279457146.mp3,8
9093110014302112431.mp3,5
9099560854860219885.mp3,5
9105059092013200964.mp3,8
9105846993013295070.mp3,4
9108013805781363991.mp3,6
9110689263323647044.mp3,6
9111698023745172355.mp3,8
9118117690012258411.mp3,8
9121066175588204314.mp3,8
9126262789121863319.mp3,8
9126813352725190478.mp3,6
9127079745040418372.mp3,8
9133743327093346425.mp3,9
9133912822179290193.mp3,4
9137842912524572105.mp3,8
9140025292975295855.mp3,2
9140963533779074213.mp3,4
9149047156591556720.mp3,3
9151350073652674469.mp3,6
9154975253141068428.mp3,6
9156934568883364552.mp3,5
9157481628799781737.mp3,5
9164188799367546240.mp3,9
9167199952845953207.mp3,2
9169417753863032782.mp3,5
9170959720274679200.mp3,4
9171158303438238795.mp3,8
9181508937986548795.mp3,6
9182520993917264642.mp3,8
9187315117393768090.mp3,8
9202017197868310327.mp3,8
9205827387990315282.mp3,9
9212116230434727609.mp3,8
924752163575981302.mp3,6
934067774542124572.mp3,10
93475448900007525.mp3,8
937933172724074830.mp3,5
938776070658942389.mp3,5
949598098359268920.mp3,8
951515609928187429.mp3,8
955059067613495366.mp3,5
958043887885486844.mp3,8
960504394218523047.mp3,8
963130037800415269.mp3,6
965842288003577746.mp3,5
968258689368997534.mp3,8
968889044148269901.mp3,3
972704604327806980.mp3,7
977027367418357994.mp3,8
980894209773757027.mp3,3
982087364284863683.mp3,5
982708201011950516.mp3,4
986510997120673961.mp3,4
987373385687644950.mp3,2
98798263660540422.mp3,4
988346288271409019.mp3,8
992527990987266964.mp3,5
99418222954676273.mp3,8
997580957222942345.mp3,2
99972838082110487.mp3,8
